,run,epoch,loss,accuracy,epoch duration,run duration,lr,batch_size,shuffle
0,1,1,1.041790133714676,0.5932166666666666,6.058446407318115,6.611049652099609,0.01,1000,False
1,1,2,0.5562102288007736,0.7849166666666667,5.69803261756897,12.369096279144287,0.01,1000,False
2,1,3,0.4690983921289444,0.8265166666666667,5.720724105834961,18.134759664535522,0.01,1000,False
